Model,RMSE,MAE,MAPE,R²,Seq_Len,Parameters
Temporal_Transformer,8.112906758906455,6.473903904790464,2.8026078030550052,0.874439858242642,30,102977
